name,course,credit,grade,cgpa
Student_001,IT,3,75.0,3.00
Student_002,IT,3,82.5,3.30
Student_003,IT,3,60.0,2.40
Student_004,IT,3,65.0,2.60
Student_005,IT,3,70.0,2.80
Student_006,IT,3,72.5,2.90
Student_007,Math,3,58.0,2.32
Student_008,Math,3,75.0,3.00
Student_009,Math,3,77.5,3.10
Student_010,IT,3,82.5,3.30
Student_011,Math,3,87.5,3.50
Student_012,Math,3,72.5,2.90
Student_013,IT,3,52.5,2.10
Student_014,Math,3,62.5,2.50
Student_015,Math,3,85.0,3.40
Student_016,IT,3,77.5,3.10
Student_017,IT,3,72.5,2.90
Student_018,Math,3,75.0,3.00
Student_019,IT,3,77.5,3.10
Student_020,IT,3,87.5,3.50
Student_021,IT,3,75.0,3.00
Student_022,IT,3,72.5,2.90
Student_023,IT,3,72.5,2.90
Student_024,IT,3,52.5,2.10
Student_025,IT,3,55.0,2.20
Student_026,IT,3,60.0,2.40
Student_027,IT,3,72.5,2.90
Student_028,Arabic,3,62.5,2.50
Student_029,Science,3,77.5,3.10
Student_030,Arabic,3,75.0,3.00
Student_031,Arabic,3,85.0,3.40
Student_032,IT,3,60.0,2.40
Student_033,IT,3,55.0,2.20
Student_034,English,3,60.0,2.40
Student_035,Science,3,60.0,2.40
Student_036,English,3,60.0,2.40
Student_037,Science,3,57.5,2.30
Student_038,IT,3,77.5,3.10
Student_039,IT,3,50.0,2.00
Student_040,Science,3,77.5,3.10
Student_041,IT,3,62.5,2.50
Student_042,IT,3,72.5,2.90
Student_043,IT,3,60.0,2.40
Student_044,IT,3,75.0,3.00
Student_045,IT,3,75.0,3.00
Student_046,Quran,3,62.5,2.50
Student_047,English,3,57.5,2.30
Student_048,English,3,85.0,3.40
Student_049,English,3,85.0,3.40
Student_050,English,3,77.5,3.10
Student_051,English,3,62.5,2.50
Student_052,English,3,62.5,2.50
Student_053,English,3,75.0,3.00
Student_054,Science,3,85.0,3.40
Student_055,English,3,60.0,2.40
Student_056,Math,3,60.0,2.40
Student_057,Math,3,57.5,2.30
Student_058,Math,3,57.5,2.30
Student_059,Math,3,75.0,3.00
Student_060,Math,3,75.0,3.00
Student_061,English,3,62.5,2.50
Student_062,IT,3,75.0,3.00
Student_063,IT,3,87.5,3.50
Student_064,IT,3,72.5,2.90
Student_065,IT,3,55.0,2.20
Student_066,English,3,62.5,2.50
Student_067,English,3,72.5,2.90
Student_068,English,3,87.5,3.50
Student_069,IT,3,87.5,3.50
Student_070,IT,3,75.0,3.00
Student_071,IT,3,72.5,2.90
Student_072,IT,3,75.0,3.00
Student_073,Math,3,57.5,2.30
Student_074,English,3,72.5,2.90
Student_075,IT,3,57.5,2.30
Student_076,Quran,3,75.0,3.00
Student_077,IT,3,77.5,3.10
Student_078,IT,3,75.0,3.00
Student_079,Quran,3,57.5,2.30
Student_080,Math,3,87.5,3.50
Student_081,Math,3,60.0,2.40
Student_082,IT,3,60.0,2.40
Student_083,IT,3,60.0,2.40
Student_084,IT,3,72.5,2.90
Student_085,IT,3,87.5,3.50
Student_086,IT,3,50.0,2.00
Student_087,IT,3,87.5,3.50
Student_088,IT,3,62.5,2.50
Student_089,IT,3,52.5,2.10
Student_090,IT,3,60.0,2.40
Student_091,IT,3,62.5,2.50
Student_092,IT,3,87.5,3.50
Student_093,IT,3,87.5,3.50
Student_094,IT,3,87.5,3.50
Student_095,IT,3,62.5,2.50
Student_096,IT,3,85.0,3.40
Student_097,IT,3,87.5,3.50
Student_098,IT,3,75.0,3.00
Student_099,IT,3,72.5,2.90
Student_100,IT,3,75.0,3.00
Student_101,IT,3,75.0,3.00
Student_102,IT,3,72.5,2.90
Student_103,IT,3,87.5,3.50
Student_104,IT,3,72.5,2.90
Student_105,IT,3,75.0,3.00
Student_106,IT,3,87.5,3.50
Student_107,IT,3,75.0,3.00
Student_108,IT,3,62.5,2.50
Student_109,IT,3,62.5,2.50
Student_110,IT,3,62.5,2.50
Student_111,IT,3,60.0,2.40
Student_112,IT,3,77.5,3.10
Student_113,IT,3,87.5,3.50
Student_114,IT,3,75.0,3.00
Student_115,IT,3,75.0,3.00
Student_116,IT,3,87.5,3.50
Student_117,IT,3,75.0,3.00
Student_118,IT,3,62.5,2.50
Student_119,IT,3,60.0,2.40
Student_120,IT,3,57.5,2.30
Student_121,IT,3,72.5,2.90
Student_122,IT,3,62.5,2.50
Student_123,IT,3,75.0,3.00
Student_124,IT,3,62.5,2.50
Student_125,IT,3,75.0,3.00
Student_126,IT,3,50.0,2.00
Student_127,IT,3,62.5,2.50
Student_128,Quran,3,87.5,3.50
Student_129,Quran,3,87.5,3.50
Student_130,Quran,3,87.5,3.50
Student_131,Quran,3,75.0,3.00
Student_132,Quran,3,87.5,3.50
Student_133,Quran,3,75.0,3.00
Student_134,Quran,3,60.0,2.40
Student_135,Quran,3,62.5,2.50
Student_136,Quran,3,75.0,3.00
Student_137,Quran,3,87.5,3.50
Student_138,Quran,3,60.0,2.40
Student_139,Quran,3,75.0,3.00
Student_140,Quran,3,87.5,3.50
Student_141,Quran,3,72.5,2.90
Student_142,Quran,3,75.0,3.00
Student_143,Quran,3,87.5,3.50
Student_144,Quran,3,87.5,3.50
Student_145,Science,3,77.5,3.10
Student_146,Science,3,87.5,3.50
Student_147,Spanish,3,60.0,2.40
Student_148,English,3,75.0,3.00
Student_149,Math,3,87.5,3.50
Student_150,French,3,75.0,3.00
Student_151,Science,3,75.0,3.00
Student_152,Science,3,60.0,2.40
Student_153,Science,3,75.0,3.00
Student_154,Science,3,87.5,3.50
Student_155,Science,3,75.0,3.00
Student_156,French,3,87.5,3.50
Student_157,French,3,75.0,3.00
Student_158,French,3,77.5,3.10
Student_159,French,3,87.5,3.50
Student_160,French,3,75.0,3.00
Student_161,French,3,87.5,3.50
Student_162,French,3,87.5,3.50
Student_163,French,3,72.5,2.90
Student_164,French,3,87.5,3.50
Student_165,French,3,75.0,3.00
Student_166,French,3,60.0,2.40
Student_167,French,3,62.5,2.50
Student_168,French,3,75.0,3.00
Student_169,French,3,57.5,2.30
Student_170,French,3,87.5,3.50
Student_171,French,3,75.0,3.00
Student_172,French,3,87.5,3.50
Student_173,French,3,62.5,2.50
Student_174,French,3,87.5,3.50
Student_175,French,3,72.5,2.90
Student_176,French,3,87.5,3.50
Student_177,French,3,62.5,2.50
Student_178,Arabic,3,87.5,3.50
Student_179,Arabic,3,72.5,2.90
Student_180,Arabic,3,60.0,2.40
Student_181,Arabic,3,87.5,3.50
Student_182,Arabic,3,77.5,3.10
Student_183,Arabic,3,77.5,3.10
Student_184,Arabic,3,87.5,3.50
Student_185,Arabic,3,77.5,3.10
Student_186,Arabic,3,62.5,2.50
Student_187,Arabic,3,62.5,2.50
Student_188,Arabic,3,77.5,3.10
Student_189,Arabic,3,77.5,3.10
Student_190,Arabic,3,77.5,3.10
Student_191,Arabic,3,77.5,3.10
Student_192,Arabic,3,87.5,3.50
Student_193,Arabic,3,87.5,3.50
Student_194,Arabic,3,60.0,2.40
Student_195,Arabic,3,72.5,2.90
Student_196,Arabic,3,87.5,3.50
Student_197,Arabic,3,87.5,3.50
Student_198,Arabic,3,72.5,2.90
Student_199,Arabic,3,72.5,2.90
Student_200,Arabic,3,87.5,3.50
Student_201,Arabic,3,75.0,3.00
Student_202,Spanish,3,75.0,3.00
Student_203,Spanish,3,72.5,2.90
Student_204,Spanish,3,75.0,3.00
Student_205,Spanish,3,87.5,3.50
Student_206,Spanish,3,72.5,2.90
Student_207,Spanish,3,87.5,3.50
Student_208,Spanish,3,60.0,2.40
Student_209,Spanish,3,57.5,2.30
Student_210,Spanish,3,60.0,2.40
Student_211,Spanish,3,75.0,3.00
Student_212,Spanish,3,77.5,3.10
Student_213,Spanish,3,87.5,3.50
Student_214,Spanish,3,75.0,3.00
Student_215,Spanish,3,75.0,3.00
Student_216,Spanish,3,75.0,3.00
Student_217,Spanish,3,75.0,3.00
Student_218,Spanish,3,87.5,3.50
Student_219,Spanish,3,87.5,3.50
Student_220,Spanish,3,75.0,3.00
Student_221,Spanish,3,57.5,2.30
Student_222,Spanish,3,57.5,2.30
Student_223,Math,3,87.5,3.50
Student_224,Spanish,3,57.5,2.30
Student_225,Spanish,3,72.5,2.90
Student_226,Spanish,3,62.5,2.50
Student_227,Quran,3,75.0,3.00
Student_228,Science,3,77.5,3.10
Student_229,Science,3,77.5,3.10
Student_230,Science,3,60.0,2.40
Student_231,Science,3,57.5,2.30
Student_232,Science,3,77.5,3.10
Student_233,Science,3,77.5,3.10
Student_234,Science,3,87.5,3.50
Student_235,Science,3,87.5,3.50
Student_236,Science,3,77.5,3.10
Student_237,Science,3,57.5,2.30
Student_238,Science,3,72.5,2.90
Student_239,IT,3,87.5,3.50
Student_240,IT,3,75.0,3.00
Student_241,Science,3,87.5,3.50
Student_242,Math,3,77.5,3.10
Student_243,Quran,3,62.5,2.50
Student_244,IT,3,75.0,3.00
Student_245,Math,3,87.5,3.50
Student_246,English,3,62.5,2.50
Student_247,Science,3,75.0,3.00
Student_248,Arabic,3,60.0,2.40
Student_249,English,3,87.5,3.50
Student_250,History,3,87.5,3.50
Student_251,History,3,87.5,3.50
Student_252,History,3,77.5,3.10
Student_253,History,3,77.5,3.10
Student_254,English,3,62.5,2.50
Student_255,History,3,60.0,2.40
Student_256,History,3,75.0,3.00
Student_257,History,3,75.0,3.00
Student_258,Math,3,75.0,3.00
Student_259,English,3,75.0,3.00
Student_260,English,3,87.5,3.50
Student_261,English,3,75.0,3.00
Student_262,English,3,77.5,3.10
Student_263,English,3,75.0,3.00
Student_264,English,3,77.5,3.10
Student_265,English,3,87.5,3.50
Student_266,English,3,77.5,3.10
Student_267,English,3,75.0,3.00
Student_268,English,3,75.0,3.00
Student_269,English,3,87.5,3.50
Student_270,English,3,87.5,3.50
Student_271,English,3,87.5,3.50
Student_272,English,3,87.5,3.50
Student_273,English,3,87.5,3.50
Student_274,English,3,87.5,3.50
Student_275,English,3,77.5,3.10
Student_276,English,3,75.0,3.00
Student_277,English,3,87.5,3.50
Student_278,English,3,87.5,3.50
Student_279,Science,3,62.5,2.50
Student_280,Science,3,62.5,2.50
Student_281,Science,3,87.5,3.50
Student_282,Science,3,87.5,3.50
Student_283,Science,3,77.5,3.10
Student_284,Science,3,77.5,3.10
Student_285,Science,3,87.5,3.50
Student_286,Science,3,87.5,3.50
Student_287,Science,3,75.0,3.00
Student_288,Science,3,75.0,3.00
Student_289,Science,3,62.5,2.50
Student_290,Science,3,62.5,2.50
Student_291,Science,3,72.5,2.90
Student_292,Science,3,72.5,2.90
Student_293,Science,3,75.0,3.00
Student_294,Science,3,75.0,3.00
Student_295,Science,3,77.5,3.10
Student_296,Science,3,77.5,3.10
Student_297,Science,3,87.5,3.50
Student_298,Science,3,87.5,3.50
Student_299,Science,3,77.5,3.10
Student_300,Science,3,77.5,3.10
Student_301,Science,3,87.5,3.50
Student_302,Science,3,87.5,3.50
Student_303,French,3,87.5,3.50
Student_304,French,3,87.5,3.50
Student_305,French,3,87.5,3.50
Student_306,French,3,87.5,3.50
Student_307,French,3,77.5,3.10
Student_308,French,3,77.5,3.10
Student_309,French,3,60.0,2.40
Student_310,French,3,60.0,2.40
Student_311,French,3,72.5,2.90
Student_312,French,3,72.5,2.90
Student_313,French,3,60.0,2.40
Student_314,French,3,60.0,2.40
Student_315,French,3,77.5,3.10
Student_316,French,3,77.5,3.10
Student_317,French,3,62.5,2.50
Student_318,French,3,62.5,2.50
Student_319,French,3,72.5,2.90
Student_320,French,3,72.5,2.90
Student_321,French,3,57.5,2.30
Student_322,French,3,57.5,2.30
Student_323,French,3,72.5,2.90
Student_324,French,3,72.5,2.90
Student_325,French,3,75.0,3.00
Student_326,French,3,75.0,3.00
Student_327,French,3,75.0,3.00
Student_328,French,3,75.0,3.00
Student_329,French,3,87.5,3.50
Student_330,French,3,87.5,3.50
Student_331,French,3,75.0,3.00
Student_332,French,3,75.0,3.00
Student_333,French,3,87.5,3.50
Student_334,French,3,87.5,3.50
Student_335,Arabic,3,77.5,3.10
Student_336,Arabic,3,77.5,3.10
Student_337,Arabic,3,87.5,3.50
Student_338,Arabic,3,87.5,3.50
Student_339,Arabic,3,87.5,3.50
Student_340,Arabic,3,87.5,3.50
Student_341,Arabic,3,87.5,3.50
Student_342,Arabic,3,87.5,3.50
Student_343,Arabic,3,75.0,3.00
Student_344,Arabic,3,75.0,3.00
Student_345,Arabic,3,72.5,2.90
Student_346,Arabic,3,72.5,2.90
Student_347,Arabic,3,60.0,2.40
Student_348,Arabic,3,60.0,2.40
Student_349,Arabic,3,62.5,2.50
Student_350,Arabic,3,62.5,2.50
Student_351,Arabic,3,87.5,3.50
Student_352,Arabic,3,87.5,3.50
Student_353,Arabic,3,72.5,2.90
Student_354,Arabic,3,72.5,2.90
Student_355,Arabic,3,87.5,3.50
Student_356,Arabic,3,87.5,3.50
Student_357,Biology,3,77.5,3.10
Student_358,Biology,3,77.5,3.10
Student_359,Biology,3,87.5,3.50
Student_360,Biology,3,87.5,3.50
Student_361,Biology,3,87.5,3.50
Student_362,Biology,3,87.5,3.50
Student_363,Biology,3,75.0,3.00
Student_364,Biology,3,75.0,3.00
Student_365,Biology,3,87.5,3.50
Student_366,Biology,3,87.5,3.50
Student_367,Biology,3,75.0,3.00
Student_368,Biology,3,75.0,3.00
Student_369,Biology,3,87.5,3.50
Student_370,Biology,3,87.5,3.50
Student_371,Biology,3,87.5,3.50
Student_372,Biology,3,87.5,3.50
Student_373,Biology,3,57.5,2.30
Student_374,Biology,3,57.5,2.30
Student_375,Biology,3,72.5,2.90
Student_376,Biology,3,72.5,2.90
Student_377,Biology,3,87.5,3.50
Student_378,Biology,3,87.5,3.50
Student_379,Biology,3,57.5,2.30
Student_380,Biology,3,57.5,2.30
Student_381,Biology,3,87.5,3.50
Student_382,Biology,3,87.5,3.50
Student_383,Biology,3,87.5,3.50
Student_384,Biology,3,87.5,3.50
Student_385,Chemistry,3,87.5,3.50
Student_386,Chemistry,3,87.5,3.50
Student_387,Geology,3,77.5,3.10
Student_388,Geology,3,77.5,3.10
Student_389,Geology,3,87.5,3.50
Student_390,Geology,3,87.5,3.50
Student_391,Chemistry,3,77.5,3.10
Student_392,Chemistry,3,77.5,3.10
Student_393,Chemistry,3,60.0,2.40
Student_394,Chemistry,3,60.0,2.40
Student_395,Geology,3,87.5,3.50
Student_396,Geology,3,87.5,3.50
Student_397,Geology,3,75.0,3.00
Student_398,Geology,3,75.0,3.00
Student_399,Chemistry,3,77.5,3.10
Student_400,Chemistry,3,77.5,3.10
Student_401,Geology,3,75.0,3.00
Student_402,Geology,3,75.0,3.00
Student_403,Chemistry,3,75.0,3.00
Student_404,Chemistry,3,75.0,3.00
Student_405,Geology,3,77.5,3.10
Student_406,Geology,3,77.5,3.10
Student_407,History,3,77.5,3.10
Student_408,History,3,77.5,3.10
Student_409,Chemistry,3,62.5,2.50
Student_410,Chemistry,3,62.5,2.50
Student_411,Geology,3,77.5,3.10
Student_412,Geology,3,77.5,3.10
Student_413,History,3,87.5,3.50
Student_414,History,3,87.5,3.50
Student_415,Chemistry,3,87.5,3.50
Student_416,Chemistry,3,87.5,3.50
Student_417,Geology,3,77.5,3.10
Student_418,Geology,3,77.5,3.10
Student_419,History,3,75.0,3.00
Student_420,History,3,75.0,3.00
Student_421,Chemistry,3,87.5,3.50
Student_422,Chemistry,3,87.5,3.50
Student_423,Chemistry,3,87.5,3.50
Student_424,Chemistry,3,87.5,3.50
Student_425,Geology,3,77.5,3.10
Student_426,Geology,3,77.5,3.10
Student_427,History,3,77.5,3.10
Student_428,History,3,77.5,3.10
Student_429,Chemistry,3,87.5,3.50
Student_430,Chemistry,3,87.5,3.50
Student_431,Geology,3,87.5,3.50
Student_432,Geology,3,87.5,3.50
Student_433,Chemistry,3,57.5,2.30
Student_434,Chemistry,3,57.5,2.30
Student_435,History,3,77.5,3.10
Student_436,History,3,77.5,3.10
Student_437,Geology,3,75.0,3.00
Student_438,Geology,3,75.0,3.00
Student_439,Chemistry,3,57.5,2.30
Student_440,Chemistry,3,57.5,2.30
Student_441,Geology,3,72.5,2.90
Student_442,Geology,3,72.5,2.90
Student_443,History,3,62.5,2.50
Student_444,History,3,62.5,2.50
Student_445,Mathematics,3,84.22,3.33
Student_446,Malay Language,3,76.55,2.95
Student_447,Chemistry,3,91.11,3.74
Student_448,Biology,3,69.88,2.70
Student_449,Physics,3,88.43,3.52
Student_450,History,3,71.22,2.81
Student_451,Malay Language,3,90.44,3.68
Student_452,Geology,3,73.12,2.90
Student_453,Mathematics,3,82.55,3.22
Student_454,Chemistry,3,95.77,3.89
Student_455,Physics,3,79.22,3.08
Student_456,History,3,64.99,2.57
Student_457,Biology,3,86.22,3.41
Student_458,Malay Language,3,72.55,2.88
Student_459,Mathematics,3,90.23,3.66
Student_460,Geology,3,66.44,2.62
Student_461,Physics,3,82.11,3.26
Student_462,History,3,60.55,2.42
Student_463,Malay Language,3,85.66,3.38
Student_464,Chemistry,3,77.44,2.98
Student_465,Mathematics,3,92.33,3.77
Student_466,Biology,3,74.55,2.93
Student_467,Physics,3,87.12,3.49
Student_468,Malay Language,3,67.88,2.66
Student_469,History,3,70.22,2.79
Student_470,Chemistry,3,90.88,3.72
Student_471,Biology,3,83.77,3.27
Student_472,Geology,3,75.44,2.97
Student_473,History,3,62.33,2.48
Student_474,Malay Language,3,80.66,3.19
Student_475,Mathematics,3,93.22,3.84
Student_476,Physics,3,78.11,3.01
Student_477,Chemistry,3,89.55,3.61
Student_478,Biology,3,72.22,2.86
Student_479,Geology,3,69.77,2.71
Student_480,History,3,64.22,2.55
Student_481,Malay Language,3,87.44,3.46
Student_482,Mathematics,3,91.77,3.78
Student_483,Physics,3,74.33,2.90
Student_484,Chemistry,3,85.77,3.34
Student_485,Biology,3,88.55,3.52
Student_486,Malay Language,3,77.66,3.00
Student_487,History,3,63.55,2.52
Student_488,Physics,3,82.77,3.29
Student_489,Biology,3,90.99,3.70
Student_490,Mathematics,3,75.22,2.96
Student_491,Malay Language,3,83.11,3.25
Student_492,Geology,3,78.44,3.05
Student_493,History,3,65.22,2.59
Student_494,Chemistry,3,92.88,3.82
Student_495,Physics,3,80.77,3.13
Student_496,Biology,3,74.88,2.94
Student_497,Mathematics,3,96.33,3.91
Student_498,Malay Language,3,88.22,3.53
Student_499,Chemistry,3,93.77,3.86
Student_500,Geology,3,70.44,2.78
Student_501,History,3,63.11,2.51
Student_502,Mathematics,3,85.44,3.35
Student_503,Physics,3,77.33,2.99
Student_504,Malay Language,3,89.55,3.60
Student_505,Chemistry,3,81.66,3.20
Student_506,Biology,3,87.33,3.47
Student_507,Geology,3,74.55,2.92
Student_508,History,3,65.88,2.60
Student_509,Malay Language,3,79.44,3.06
Student_510,Mathematics,3,94.77,3.87
Student_511,Physics,3,83.44,3.28
Student_512,Chemistry,3,90.33,3.71
Student_513,Biology,3,68.77,2.68
Student_514,History,3,60.99,2.43
Student_515,Malay Language,3,86.22,3.40
Student_516,Physics,3,81.11,3.18
Student_517,Biology,3,76.55,2.98
Student_518,Chemistry,3,92.55,3.80
Student_519,Mathematics,3,95.22,3.89
Student_520,Geology,3,73.33,2.88
Student_521,History,3,62.88,2.49
Student_522,Malay Language,3,90.66,3.69
Student_523,Biology,3,85.22,3.32
Student_524,Mathematics,3,89.44,3.64
Student_525,Chemistry,3,93.55,3.84
Student_526,Physics,3,72.77,2.85
Student_527,Geology,3,76.22,2.96
Student_528,History,3,60.55,2.42
Student_529,Malay Language,3,87.77,3.48
Student_530,Chemistry,3,91.22,3.73
Student_531,Biology,3,75.66,2.95
Student_532,Mathematics,3,82.33,3.22
Student_533,Physics,3,88.88,3.57
Student_534,History,3,67.22,2.65
Student_535,Malay Language,3,80.33,3.17
Student_536,Geology,3,79.44,3.07
Student_537,Chemistry,3,95.88,3.90
Student_538,Biology,3,84.11,3.29
Student_539,Physics,3,77.99,3.02
Student_540,Mathematics,3,91.88,3.75
Student_541,History,3,66.88,2.63
Student_542,Malay Language,3,89.22,3.58
Student_543,Chemistry,3,86.66,3.39
Student_544,Biology,3,74.22,2.91
Student_545,Physics,3,82.66,3.27
Student_546,Mathematics,3,93.77,3.86
Student_547,Geology,3,78.88,3.09
Student_548,History,3,62.44,2.48
Student_549,Malay Language,3,81.77,3.23
Student_550,Physics,3,87.55,3.50
Student_551,Chemistry,3,94.66,3.88
Student_552,Biology,3,69.33,2.67
Student_553,Mathematics,3,90.88,3.69
Student_554,Geology,3,75.77,2.98
Student_555,History,3,63.88,2.54
Student_556,Malay Language,3,86.11,3.40
Student_557,Biology,3,84.55,3.31
Student_558,Mathematics,3,94.33,3.85
Student_559,Chemistry,3,91.77,3.75
Student_560,Physics,3,79.55,3.05
Student_561,History,3,61.66,2.45
Student_562,Malay Language,3,80.55,3.18
Student_563,Geology,3,77.55,2.99
Student_564,Mathematics,3,96.55,3.92
Student_565,Chemistry,3,89.66,3.62
Student_566,Biology,3,75.11,2.93
Student_567,Physics,3,83.88,3.30
Student_568,History,3,68.22,2.70
Student_569,Malay Language,3,91.11,3.72
Student_570,Physics,3,84.55,3.33
Student_571,Biology,3,72.33,2.87
Student_572,Chemistry,3,95.22,3.89
Student_573,Mathematics,3,88.44,3.55
Student_574,Geology,3,70.66,2.78
Student_575,History,3,64.77,2.56
Student_576,Malay Language,3,89.88,3.60
Student_577,Biology,3,83.66,3.28
Student_578,Mathematics,3,92.66,3.78
Student_579,Chemistry,3,90.44,3.71
Student_580,Physics,3,77.11,2.99
Student_581,Malay Language,3,81.55,3.22
Student_582,History,3,63.44,2.52
Student_583,Geology,3,75.99,2.96
Student_584,Physics,3,82.44,3.26
Student_585,Mathematics,3,91.55,3.73
Student_586,Chemistry,3,93.88,3.86
Student_587,Biology,3,78.55,3.02
Student_588,History,3,62.11,2.47
Student_589,Malay Language,3,87.55,3.46
Student_590,Physics,3,84.99,3.34
Student_591,Biology,3,73.66,2.89
Student_592,Chemistry,3,90.99,3.70
Student_593,Mathematics,3,94.88,3.88
Student_594,Geology,3,71.88,2.83
Student_595,History,3,60.77,2.44
Student_596,Malay Language,3,82.88,3.27
Student_597,Mathematics,3,89.77,3.65
Student_598,Chemistry,3,95.55,3.91
Student_599,Biology,3,77.88,2.98
Student_600,Physics,3,80.22,3.14
Student_601,Geology,3,74.44,2.92
Student_602,History,3,63.99,2.53
Student_603,Malay Language,3,86.33,3.41
Student_604,Biology,3,82.66,3.21
Student_605,Chemistry,3,93.33,3.84
Student_606,Mathematics,3,91.11,3.72
Student_607,Physics,3,78.44,3.03
Student_608,Geology,3,75.22,2.95
Student_609,History,3,62.44,2.48
Student_610,Malay Language,3,90.66,3.69
Student_611,Biology,3,85.44,3.33
Student_612,Mathematics,3,93.99,3.87
Student_613,Chemistry,3,92.22,3.78
Student_614,Physics,3,83.22,3.25
Student_615,History,3,60.55,2.42
Student_616,Malay Language,3,89.11,3.58
Student_617,Biology,3,80.44,3.13
Student_618,Physics,3,76.88,2.97
Student_619,Chemistry,3,95.11,3.89
Student_620,Mathematics,3,90.44,3.67
Student_621,Geology,3,71.55,2.84
Student_622,History,3,65.44,2.60
Student_623,Malay Language,3,86.77,3.43
Student_624,Biology,3,84.99,3.31
Student_625,Mathematics,3,92.55,3.79
Student_626,Chemistry,3,90.12,3.70
Student_627,Physics,3,77.33,2.99
Student_628,Geology,3,74.77,2.93
Student_629,History,3,63.77,2.54
Student_630,Malay Language,3,87.99,3.47
Student_631,Physics,3,83.66,3.28
Student_632,Biology,3,72.55,2.87
Student_633,Chemistry,3,91.44,3.73
Student_634,Mathematics,3,94.33,3.85
Student_635,Geology,3,70.11,2.76
Student_636,History,3,61.33,2.46
Student_637,Malay Language,3,88.55,3.55
Student_638,Mathematics,3,90.88,3.69
Student_639,Biology,3,79.22,3.04
Student_640,Physics,3,82.55,3.26
Student_641,Chemistry,3,95.88,3.90
Student_642,History,3,62.55,2.49
Student_643,Malay Language,3,89.77,3.62
Student_644,Physics,3,80.44,3.15
Student_645,Biology,3,74.11,2.90
Student_646,Chemistry,3,92.66,3.81
Student_647,Mathematics,3,93.22,3.84
Student_648,Geology,3,69.88,2.71
Student_649,History,3,64.22,2.55
Student_650,Malay Language,3,83.66,3.29
Student_651,Biology,3,77.11,2.98
Student_652,Mathematics,3,96.11,3.92
Student_653,Chemistry,3,94.88,3.88
Student_654,Physics,3,78.66,3.01
Student_655,History,3,61.11,2.45
Student_656,Malay Language,3,90.88,3.70
Student_657,Geology,3,75.44,2.96
Student_658,Biology,3,81.77,3.22
Student_659,Mathematics,3,93.77,3.86
Student_660,Chemistry,3,92.22,3.78
Student_661,Physics,3,83.55,3.27
Student_662,History,3,62.66,2.49
Student_663,Malay Language,3,85.22,3.32
Student_664,Biology,3,78.33,3.02
Student_665,Chemistry,3,91.55,3.74
Student_666,Mathematics,3,95.22,3.89
Student_667,Physics,3,81.44,3.21
Student_668,Geology,3,74.33,2.92
Student_669,History,3,64.44,2.56
Student_670,Malay Language,3,88.33,3.56
Student_671,Biology,3,76.66,2.97
Student_672,Mathematics,3,92.55,3.79
Student_673,Chemistry,3,94.11,3.87
Student_674,Physics,3,80.88,3.14
Student_675,History,3,60.99,2.43
Student_676,Malay Language,3,87.22,3.45
Student_677,Biology,3,83.22,3.28
Student_678,Chemistry,3,95.66,3.91
Student_679,Mathematics,3,90.44,3.67
Student_680,Geology,3,72.33,2.88
Student_681,History,3,63.11,2.51
Student_682,Malay Language,3,86.44,3.41
Student_683,Biology,3,82.11,3.21
Student_684,Physics,3,78.55,3.02
Student_685,Chemistry,3,91.44,3.73
Student_686,Mathematics,3,93.11,3.83
Student_687,Geology,3,70.99,2.79
Student_688,History,3,65.55,2.60
Student_689,Malay Language,3,88.88,3.57
Student_690,Physics,3,82.44,3.26
Student_691,Biology,3,76.11,2.96
Student_692,Chemistry,3,95.22,3.89
Student_693,Mathematics,3,91.55,3.73
Student_694,Geology,3,73.66,2.91
Student_695,History,3,62.44,2.48
Student_696,Biology,3,85.22,3.32
Student_697,Malay Language,3,89.11,3.58
Student_698,Chemistry,3,94.77,3.88
Student_699,Mathematics,3,92.33,3.77
Student_700,Physics,3,77.44,2.99
Student_701,Geology,3,75.22,2.95
Student_702,History,3,63.77,2.54
Student_703,Biology,3,84.11,3.29
Student_704,Malay Language,3,87.66,3.47
Student_705,Physics,3,81.77,3.22
Student_706,Chemistry,3,95.88,3.90
Student_707,Mathematics,3,94.11,3.87
Student_708,Geology,3,70.88,2.79
Student_709,History,3,64.44,2.56
Student_710,Malay Language,3,88.77,3.56
Student_711,Biology,3,77.55,2.99
Student_712,Mathematics,3,92.66,3.79
Student_713,Chemistry,3,93.55,3.84
Student_714,Physics,3,80.55,3.18
Student_715,History,3,61.55,2.45
Student_716,Malay Language,3,89.88,3.60
Student_717,Biology,3,83.88,3.30
Student_718,Chemistry,3,95.33,3.90
Student_719,Mathematics,3,93.11,3.83
Student_720,Geology,3,72.66,2.89
Student_721,History,3,62.33,2.48
Student_722,Malay Language,3,85.33,3.33
Student_723,Biology,3,79.44,3.05
Student_724,Physics,3,84.22,3.32
Student_725,Chemistry,3,92.55,3.80
Student_726,Mathematics,3,96.44,3.92
Student_727,Geology,3,74.55,2.92
Student_728,History,3,63.66,2.53
Student_729,Malay Language,3,87.11,3.45
Student_730,Biology,3,82.88,3.27
Student_731,Chemistry,3,94.66,3.88
Student_732,Mathematics,3,90.22,3.66
Student_733,Physics,3,77.33,2.99
Student_734,History,3,62.44,2.48
Student_735,Malay Language,3,83.88,3.30
Student_736,Geology,3,75.11,2.94
Student_737,Biology,3,85.77,3.34
Student_738,Mathematics,3,93.44,3.84
Student_739,Chemistry,3,92.22,3.78
Student_740,Physics,3,80.99,3.15
Student_741,History,3,64.55,2.56
Student_742,Malay Language,3,89.66,3.62
Student_743,Biology,3,78.22,3.01
Student_744,Mathematics,3,91.55,3.73
Student_745,Chemistry,3,95.66,3.91
Student_746,Physics,3,83.55,3.27
Student_747,Geology,3,72.44,2.88
Student_748,History,3,62.11,2.47
Student_749,Malay Language,3,86.77,3.43
Student_750,Biology,3,81.22,3.20
Student_751,Chemistry,3,94.88,3.88
Student_752,Mathematics,3,93.77,3.86
Student_753,Physics,3,78.66,3.01
Student_754,Geology,3,73.11,2.90
Student_755,History,3,64.22,2.55
Student_756,Malay Language,3,90.33,3.68
Student_757,Biology,3,83.55,3.28
Student_758,Mathematics,3,91.88,3.75
Student_759,Chemistry,3,92.77,3.80
Student_760,Physics,3,82.44,3.26
Student_761,History,3,60.66,2.43
Student_762,Malay Language,3,87.33,3.46
Student_763,Biology,3,79.11,3.04
Student_764,Physics,3,81.99,3.20
Student_765,Chemistry,3,95.22,3.89
Student_766,Mathematics,3,94.22,3.84
Student_767,Geology,3,70.22,2.77
Student_768,History,3,62.33,2.48
Student_769,Malay Language,3,86.55,3.41
Student_770,Biology,3,82.66,3.22
Student_771,Mathematics,3,90.99,3.70
Student_772,Chemistry,3,93.44,3.84
Student_773,Physics,3,77.77,3.00
Student_774,History,3,63.22,2.50
Student_775,Malay Language,3,89.44,3.61
Student_776,Biology,3,85.22,3.32
Student_777,Chemistry,3,94.66,3.88
Student_778,Mathematics,3,92.33,3.77
Student_779,Physics,3,79.99,3.07
Student_780,Geology,3,71.44,2.82
Student_781,History,3,64.11,2.55
Student_782,Malay Language,3,87.55,3.46
Student_783,Biology,3,83.33,3.28
Student_784,Mathematics,3,94.22,3.84
Student_785,Chemistry,3,95.99,3.92
Student_786,Physics,3,82.11,3.26
Student_787,History,3,61.44,2.45
Student_788,Malay Language,3,90.66,3.69
Student_789,Biology,3,78.33,3.02
Student_790,Chemistry,3,93.22,3.83
Student_791,Mathematics,3,91.44,3.73
Student_792,Geology,3,72.11,2.87
Student_793,History,3,64.22,2.55
Student_794,Malay Language,3,86.99,3.44
Student_795,Biology,3,82.22,3.21
Student_796,Mathematics,3,90.55,3.67
Student_797,Chemistry,3,94.55,3.87
Student_798,Physics,3,80.44,3.15
Student_799,History,3,62.22,2.48
Student_800,Malay Language,3,89.11,3.58
Student_801,Biology,3,77.44,2.99
Student_802,Mathematics,3,91.66,3.74
Student_803,Chemistry,3,93.88,3.86
Student_804,Physics,3,81.55,3.22
Student_805,Geology,3,74.66,2.93
Student_806,History,3,60.77,2.44
Student_807,Malay Language,3,88.44,3.55
Student_808,Biology,3,82.88,3.27
Student_809,Mathematics,3,94.55,3.87
Student_810,Chemistry,3,95.11,3.89
Student_811,Physics,3,78.77,3.02
Student_812,Geology,3,71.55,2.84
Student_813,History,3,62.66,2.49
Student_814,Malay Language,3,87.33,3.46
Student_815,Biology,3,83.44,3.28
Student_816,Mathematics,3,92.22,3.78
Student_817,Chemistry,3,94.88,3.88
Student_818,Physics,3,81.11,3.19
Student_819,History,3,63.22,2.50
Student_820,Malay Language,3,88.88,3.57
Student_821,Biology,3,76.11,2.96
Student_822,Mathematics,3,91.44,3.73
Student_823,Chemistry,3,95.55,3.91
Student_824,Physics,3,83.88,3.30
Student_825,Geology,3,70.33,2.78
Student_826,History,3,64.22,2.55
Student_827,Malay Language,3,89.77,3.62
Student_828,Biology,3,78.66,3.01
Student_829,Mathematics,3,93.33,3.84
Student_830,Chemistry,3,92.77,3.80
Student_831,Physics,3,80.55,3.18
Student_832,History,3,63.88,2.54
Student_833,Malay Language,3,86.55,3.41
Student_834,Biology,3,82.55,3.26
Student_835,Mathematics,3,94.66,3.88
Student_836,Chemistry,3,90.99,3.70
Student_837,Physics,3,81.22,3.20
Student_838,Geology,3,74.88,2.94
Student_839,History,3,62.55,2.49
Student_840,Malay Language,3,87.77,3.48
Student_841,Biology,3,83.22,3.28
Student_842,Mathematics,3,93.88,3.86
Student_843,Chemistry,3,95.33,3.90
Student_844,Physics,3,79.99,3.07
Student_845,History,3,61.33,2.46
Student_846,Malay Language,3,88.66,3.56
Student_847,Biology,3,77.22,2.98
Student_848,Mathematics,3,92.55,3.79
Student_849,Chemistry,3,94.11,3.87
Student_850,Physics,3,81.66,3.22
Student_851,Geology,3,72.11,2.87
Student_852,History,3,60.99,2.43
Student_853,Malay Language,3,86.99,3.44
Student_854,Biology,3,83.44,3.29
Student_855,Mathematics,3,91.77,3.75
Student_856,Chemistry,3,95.55,3.91
Student_857,Physics,3,82.55,3.26
Student_858,Geology,3,74.22,2.91
Student_859,History,3,62.99,2.50
Student_860,Malay Language,3,89.33,3.60
Student_861,Biology,3,76.88,2.97
Student_862,Mathematics,3,93.88,3.86
Student_863,Chemistry,3,92.66,3.81
Student_864,Physics,3,80.22,3.16
Student_865,History,3,63.77,2.54
Student_866,Malay Language,3,87.44,3.46
Student_867,Biology,3,82.22,3.21
Student_868,Mathematics,3,94.44,3.86
Student_869,Chemistry,3,90.77,3.69
Student_870,Physics,3,79.11,3.04
Student_871,Geology,3,71.99,2.86
Student_872,History,3,64.55,2.56
Student_873,Malay Language,3,86.88,3.43
Student_874,Biology,3,83.55,3.29
Student_875,Mathematics,3,92.33,3.77
Student_876,Chemistry,3,94.44,3.86
Student_877,Physics,3,80.33,3.17
Student_878,History,3,63.11,2.51
Student_879,Malay Language,3,88.11,3.56
Student_880,Biology,3,78.88,3.02
Student_881,Mathematics,3,91.55,3.73
Student_882,Chemistry,3,95.77,3.92
Student_883,Physics,3,83.11,3.25
Student_884,Geology,3,72.44,2.88
Student_885,History,3,61.66,2.45
Student_886,Malay Language,3,87.11,3.45
Student_887,Biology,3,82.55,3.26
Student_888,Mathematics,3,93.99,3.87
Student_889,Chemistry,3,94.88,3.88
Student_890,Physics,3,79.44,3.06
Student_891,History,3,62.33,2.48
Student_892,Malay Language,3,86.22,3.40
Student_893,Biology,3,81.99,3.20
Student_894,Mathematics,3,92.88,3.80
Student_895,Chemistry,3,93.55,3.84
Student_896,Physics,3,81.88,3.19
Student_897,Geology,3,74.66,2.93
Student_898,History,3,63.22,2.50
Student_899,Malay Language,3,89.88,3.60
Student_900,Biology,3,83.33,3.29
Student_901,Mathematics,3,96.33,3.92
Student_902,Chemistry,3,94.22,3.84
Student_903,Physics,3,80.77,3.15
Student_904,Geology,3,72.99,2.89
Student_905,History,3,62.99,2.50
Student_906,Malay Language,3,87.77,3.48
Student_907,Biology,3,83.88,3.30
Student_908,Mathematics,3,91.22,3.72
Student_909,Chemistry,3,95.88,3.91
Student_910,Physics,3,81.55,3.22
Student_911,History,3,61.44,2.45
Student_912,Malay Language,3,88.44,3.55
Student_913,Biology,3,82.66,3.22
Student_914,Mathematics,3,92.44,3.78
Student_915,Chemistry,3,95.22,3.89
Student_916,Physics,3,80.44,3.15
Student_917,Geology,3,75.11,2.94
Student_918,History,3,63.88,2.54
Student_919,Malay Language,3,89.22,3.58
Student_920,Biology,3,77.55,2.99
Student_921,Mathematics,3,94.66,3.88
Student_922,Chemistry,3,90.33,3.71
Student_923,Physics,3,82.44,3.26
Student_924,History,3,62.66,2.49
Student_925,Malay Language,3,88.88,3.57
Student_926,Biology,3,84.11,3.29
Student_927,Mathematics,3,93.55,3.84
Student_928,Chemistry,3,91.66,3.74
Student_929,Physics,3,83.33,3.28
Student_930,Geology,3,70.77,2.78
Student_931,History,3,61.99,2.46
Student_932,Malay Language,3,90.66,3.69
Student_933,Biology,3,76.99,2.97
Student_934,Mathematics,3,95.11,3.89
Student_935,Chemistry,3,94.66,3.88
Student_936,Physics,3,80.99,3.15
Student_937,History,3,62.33,2.48
Student_938,Malay Language,3,87.44,3.46
Student_939,Biology,3,82.44,3.26
Student_940,Mathematics,3,93.22,3.83
Student_941,Chemistry,3,95.77,3.92
Student_942,Physics,3,81.44,3.21
Student_943,Geology,3,72.22,2.87
Student_944,History,3,64.44,2.56
Student_945,Malay Language,3,88.22,3.56
Student_946,Biology,3,83.77,3.29
Student_947,Mathematics,3,94.33,3.85
Student_948,Chemistry,3,90.88,3.69
Student_949,Physics,3,80.88,3.14
Student_950,History,3,60.55,2.42
Student_951,Malay Language,3,87.99,3.47
Student_952,Biology,3,82.55,3.26
Student_953,Mathematics,3,95.44,3.90
Student_954,Chemistry,3,93.88,3.86
Student_955,Physics,3,83.88,3.30
Student_956,Geology,3,73.99,2.90
Student_957,History,3,61.88,2.46
Student_958,Malay Language,3,89.55,3.60
Student_959,Biology,3,78.11,3.01
Student_960,Mathematics,3,92.55,3.79
Student_961,Chemistry,3,91.22,3.73
Student_962,Physics,3,81.66,3.22
Student_963,History,3,64.77,2.57
Student_964,Malay Language,3,86.33,3.41
Student_965,Biology,3,84.11,3.29
Student_966,Mathematics,3,93.44,3.84
Student_967,Chemistry,3,94.99,3.88
Student_968,Physics,3,80.22,3.14
Student_969,Geology,3,70.66,2.78
Student_970,History,3,62.55,2.49
Student_971,Malay Language,3,87.55,3.46
Student_972,Biology,3,83.55,3.29
Student_973,Mathematics,3,92.99,3.81
Student_974,Chemistry,3,95.66,3.91
Student_975,Physics,3,82.55,3.26
Student_976,History,3,63.88,2.54
Student_977,Malay Language,3,88.66,3.56
Student_978,Biology,3,81.99,3.20
Student_979,Mathematics,3,94.22,3.84
Student_980,Chemistry,3,93.77,3.85
Student_981,Physics,3,80.88,3.14
Student_982,Geology,3,71.22,2.84
Student_983,History,3,64.11,2.55
Student_984,Malay Language,3,89.22,3.58
Student_985,Biology,3,78.44,3.02
Student_986,Mathematics,3,92.77,3.80
Student_987,Chemistry,3,94.88,3.88
Student_988,Physics,3,82.11,3.26
Student_989,History,3,63.33,2.50
Student_990,Malay Language,3,87.11,3.45
Student_991,Biology,3,84.44,3.31
Student_992,Mathematics,3,95.55,3.91
Student_993,Chemistry,3,92.66,3.81
Student_994,Physics,3,79.55,3.05
Student_995,Geology,3,72.88,2.89
Student_996,History,3,64.55,2.56
Student_997,Malay Language,3,88.55,3.55
Student_998,Biology,3,83.22,3.28
Student_999,Mathematics,3,93.33,3.84
Student_1000,Chemistry,3,95.22,3.89
